test_set,blur_size,noise_level,accuracy,f1,precision_immune,precision_other,precision_stromal,precision_tumour,recall_immune,recall_other,recall_stromal,recall_tumour,f1_immune,f1_other,f1_stromal,f1_tumour,confusion_matrix,confidence_overall,confidence_immune_avg,confidence_other_avg,confidence_stromal_avg,confidence_tumour_avg,confidence_immune_std,confidence_other_std,confidence_stromal_std,confidence_tumour_std,count_pred_immune,count_pred_other,count_pred_stromal,count_pred_tumour
1,0,0,0.62175,0.6128088604360901,0.7320754716981132,0.5738636363636364,0.626937984496124,0.5813478556841388,0.582,0.404,0.647,0.854,0.6484679665738161,0.47417840375586856,0.6368110236220472,0.6917780477926286,"[[582, 106, 114, 198], [96, 404, 236, 264], [66, 134, 647, 153], [51, 60, 35, 854]]",0.5253306,0.59996605,0.44389197,0.55990875,0.49967584,0.17388405,0.087554015,0.13593625,0.12550816,795,704,1032,1469
1,1,0,0.61425,0.6042627513195526,0.7280701754385965,0.5566860465116279,0.626232741617357,0.572,0.581,0.383,0.635,0.858,0.646273637374861,0.4537914691943128,0.6305858987090367,0.6864,"[[581, 109, 112, 198], [97, 383, 237, 283], [68, 136, 635, 161], [52, 60, 30, 858]]",0.5248346,0.5991998,0.44324386,0.558072,0.500227,0.17232819,0.08632801,0.13694367,0.12583756,798,688,1014,1500
1,3,0,0.59425,0.5814390380119341,0.7471751412429378,0.5252679938744257,0.6065259117082533,0.5466499686912962,0.529,0.343,0.632,0.873,0.6194379391100703,0.4150030248033878,0.6190009794319294,0.6723142087023488,"[[529, 116, 119, 236], [85, 343, 256, 316], [64, 132, 632, 172], [30, 62, 35, 873]]",0.521698,0.58895886,0.44032973,0.5633745,0.4979572,0.16503236,0.085832775,0.13507724,0.124535315,708,653,1042,1597
1,5,0,0.56325,0.545711728488888,0.765993265993266,0.48580968280467446,0.5715579710144928,0.5143863769817968,0.455,0.291,0.631,0.876,0.5708908406524467,0.36397748592870544,0.5998098859315589,0.6481687014428413,"[[455, 118, 146, 281], [72, 291, 286, 351], [51, 123, 631, 195], [16, 67, 41, 876]]",0.5206145,0.5717498,0.44225076,0.5642813,0.502034,0.15509652,0.08620316,0.13540334,0.123674124,594,599,1104,1703
1,7,0,0.543,0.52086299406004,0.7861507128309573,0.4686411149825784,0.5472508591065293,0.4968944099378882,0.386,0.269,0.637,0.88,0.5177733065057009,0.3418043202033037,0.588724584103512,0.6351497654276435,"[[386, 137, 160, 317], [54, 269, 311, 366], [41, 114, 637, 208], [10, 54, 56, 880]]",0.52037364,0.5481825,0.44298762,0.5682423,0.50628346,0.14030883,0.08322342,0.13565072,0.12412169,491,574,1164,1771
1,9,0,0.52525,0.49644797253931044,0.8046511627906977,0.42395437262357416,0.5232744783306581,0.489432703003337,0.346,0.223,0.652,0.88,0.48391608391608393,0.29226736566186107,0.5805877114870882,0.6290207290922087,"[[346, 139, 185, 330], [49, 223, 348, 380], [29, 111, 652, 208], [6, 53, 61, 880]]",0.5196298,0.5247921,0.44189394,0.5705134,0.5058746,0.12724173,0.0827055,0.13539803,0.124180146,430,526,1246,1798
1,19,0,0.498,0.4585670122424881,0.8319783197831978,0.3787878787878788,0.4656084656084656,0.4822983168891468,0.307,0.15,0.704,0.831,0.44850255661066474,0.2148997134670487,0.5605095541401274,0.6103562247521116,"[[307, 109, 258, 326], [38, 150, 444, 368], [18, 80, 704, 198], [6, 57, 106, 831]]",0.51336443,0.48000205,0.42544818,0.5714877,0.48970973,0.10347169,0.07317177,0.13928334,0.12164096,369,396,1512,1723
1,0,1,0.61425,0.604026852297741,0.7163814180929096,0.5665680473372781,0.624380574826561,0.5731462925851704,0.586,0.383,0.63,0.858,0.6446644664466447,0.45704057279236276,0.627177700348432,0.6872246696035242,"[[586, 105, 115, 194], [101, 383, 233, 283], [74, 134, 630, 162], [57, 54, 31, 858]]",0.5248209,0.6008682,0.4433545,0.5558822,0.4991188,0.17341658,0.08518028,0.13678429,0.12633216,818,676,1009,1497
1,1,1,0.6105,0.6001392682969994,0.7125603864734299,0.5567010309278351,0.6262729124236253,0.5684976836532097,0.59,0.378,0.615,0.859,0.6455142231947484,0.4502680166765932,0.62058526740666,0.684189565909996,"[[590, 107, 109, 194], [102, 378, 228, 292], [78, 141, 615, 166], [58, 53, 30, 859]]",0.52380097,0.5976111,0.43992716,0.55647624,0.49980903,0.17359833,0.08610576,0.13569546,0.12585752,828,679,982,1511
1,3,1,0.5915,0.5782194300787821,0.7350543478260869,0.5220125786163522,0.6092066601371204,0.5420037336652147,0.541,0.332,0.622,0.871,0.6232718894009217,0.4058679706601467,0.615536862939139,0.6682009973149213,"[[541, 113, 117, 229], [89, 332, 250, 329], [69, 131, 622, 178], [37, 60, 32, 871]]",0.5221463,0.5891027,0.43984687,0.5601252,0.4999223,0.16550252,0.084461085,0.13557036,0.12463366,736,636,1021,1607
1,5,1,0.5605,0.542787024862564,0.754071661237785,0.4773109243697479,0.5762394761459307,0.5104529616724739,0.463,0.284,0.616,0.879,0.573729863692689,0.3561128526645768,0.5954567423876269,0.6458486407053637,"[[463, 118, 141, 278], [73, 284, 277, 366], [55, 130, 616, 199], [23, 63, 35, 879]]",0.5208677,0.5744711,0.44008675,0.563644,0.5031118,0.15499675,0.083745115,0.13480495,0.12455624,614,595,1069,1722
1,7,1,0.5395,0.5169137625629229,0.7790927021696252,0.45309734513274336,0.549645390070922,0.49277777777777776,0.395,0.256,0.62,0.887,0.5242203052422031,0.3271565495207668,0.5827067669172933,0.6335714285714286,"[[395, 134, 154, 317], [58, 256, 308, 378], [41, 121, 620, 218], [13, 54, 46, 887]]",0.51972884,0.5515924,0.43984163,0.56745684,0.5059201,0.13815689,0.08238546,0.1348771,0.12557063,507,565,1128,1800
1,9,1,0.522,0.4933269710939062,0.7933333333333333,0.4111969111969112,0.5239669421487604,0.48518111964873767,0.357,0.213,0.634,0.884,0.4924137931034483,0.28063241106719367,0.5737556561085972,0.6265060240963856,"[[357, 137, 179, 327], [53, 213, 340, 394], [32, 117, 634, 217], [8, 51, 57, 884]]",0.51890785,0.5271557,0.44016197,0.568578,0.50627214,0.12797606,0.08108945,0.13551071,0.12606552,450,518,1210,1822
1,19,1,0.50125,0.46152832649138503,0.8229166666666666,0.3880208333333333,0.47127222982216144,0.4807909604519774,0.316,0.149,0.689,0.851,0.45664739884393063,0.2153179190751445,0.5597075548334687,0.6144404332129964,"[[316, 105, 246, 333], [40, 149, 435, 376], [21, 80, 689, 210], [7, 50, 92, 851]]",0.5118485,0.4834386,0.42464495,0.56942904,0.48936996,0.10424765,0.071678415,0.1388609,0.123763874,384,384,1462,1770
1,0,3,0.61425,0.6042535088884372,0.7153284671532847,0.5678466076696165,0.6240079365079365,0.5730563002680965,0.588,0.385,0.629,0.855,0.6454445664105378,0.45887961859356374,0.6264940239043825,0.6861958266452648,"[[588, 103, 115, 194], [102, 385, 232, 281], [74, 135, 629, 162], [58, 55, 32, 855]]",0.5244503,0.5999276,0.44256663,0.5554135,0.49915814,0.17332432,0.0853681,0.13701905,0.1262208,822,678,1008,1492
1,1,3,0.6105,0.6000302024699777,0.7127272727272728,0.5567010309278351,0.625,0.5694444444444444,0.588,0.378,0.615,0.861,0.6443835616438356,0.4502680166765932,0.6199596774193549,0.6855095541401274,"[[588, 107, 110, 195], [102, 378, 229, 291], [80, 140, 615, 165], [55, 54, 30, 861]]",0.52364016,0.59915054,0.43909037,0.5555493,0.49964187,0.17277578,0.08644025,0.1358723,0.12586388,825,679,984,1512
1,3,3,0.592,0.5787364784056401,0.7320703653585927,0.5243328100470958,0.6100196463654224,0.5429638854296388,0.541,0.334,0.621,0.872,0.6221966647498562,0.40806353084911423,0.6154608523290387,0.6692248656945511,"[[541, 112, 117, 230], [92, 334, 247, 327], [70, 132, 621, 177], [36, 59, 33, 872]]",0.5222223,0.588701,0.44062045,0.56023955,0.4999004,0.16604824,0.0843239,0.13579088,0.12480613,739,637,1018,1606
1,5,3,0.56025,0.542632583267961,0.755700325732899,0.474036850921273,0.5773195876288659,0.5098722415795587,0.464,0.283,0.616,0.878,0.5749690210656754,0.3544145272385723,0.5960328979196904,0.6451138868479059,"[[464, 121, 137, 278], [73, 283, 278, 366], [54, 130, 616, 200], [23, 63, 36, 878]]",0.5208501,0.5749163,0.43964046,0.5640073,0.5029855,0.15514767,0.08350966,0.13425405,0.12480166,614,597,1067,1722
1,7,3,0.53975,0.5171930641767176,0.7810650887573964,0.4507042253521127,0.5498220640569395,0.49361465852304276,0.396,0.256,0.618,0.889,0.5255474452554745,0.32653061224489793,0.5819209039548022,0.6347732952516958,"[[396, 135, 153, 316], [58, 256, 307, 379], [41, 124, 618, 217], [12, 53, 46, 889]]",0.51952064,0.55189747,0.43937302,0.56773406,0.50559336,0.13834313,0.0821623,0.13471201,0.12554637,507,568,1124,1801
1,9,3,0.52175,0.4929682715362045,0.7915742793791575,0.4092664092664093,0.5239669421487604,0.485447556287754,0.357,0.212,0.634,0.884,0.49207443142660234,0.27931488801054016,0.5737556561085972,0.6267281105990783,"[[357, 138, 179, 326], [53, 212, 340, 395], [33, 117, 634, 216], [8, 51, 57, 884]]",0.5188234,0.5275599,0.44040918,0.56821024,0.5061492,0.12792161,0.08136108,0.13561493,0.12594245,451,518,1210,1821
1,19,3,0.5015,0.4619644399845198,0.8229166666666666,0.3865979381443299,0.4732142857142857,0.4802483069977427,0.316,0.15,0.689,0.851,0.45664739884393063,0.21613832853025935,0.5610749185667753,0.613997113997114,"[[316, 108, 243, 333], [41, 150, 432, 377], [20, 80, 689, 211], [7, 50, 92, 851]]",0.5117735,0.48428214,0.42408457,0.5698347,0.4892244,0.104169175,0.072417855,0.13838303,0.123547725,384,388,1456,1772
1,0,5,0.614,0.6040088689122555,0.713939393939394,0.5712166172106825,0.622398414271556,0.5723860589812333,0.589,0.385,0.628,0.854,0.6454794520547945,0.45997610513739545,0.6251866600298656,0.6853932584269663,"[[589, 101, 115, 195], [102, 385, 232, 281], [75, 135, 628, 162], [59, 53, 34, 854]]",0.5244485,0.5994288,0.44285288,0.5547908,0.4993287,0.1732503,0.08515493,0.1371214,0.12623972,825,674,1009,1492
1,1,5,0.611,0.6005051769824237,0.711352657004831,0.5614814814814815,0.6252545824847251,0.568976897689769,0.589,0.379,0.614,0.862,0.6444201312910285,0.4525373134328358,0.6195761856710393,0.6854870775347912,"[[589, 104, 110, 197], [104, 379, 228, 289], [80, 139, 614, 167], [55, 53, 30, 862]]",0.52347034,0.59860545,0.43927896,0.55539995,0.4992211,0.17279996,0.0867896,0.13566016,0.12596571,828,675,982,1515
1,3,5,0.59175,0.5783828347269596,0.7318059299191375,0.5237341772151899,0.6101860920666013,0.5420560747663551,0.543,0.331,0.623,0.87,0.6234213547646383,0.4056372549019608,0.6165264720435428,0.6679462571976967,"[[543, 110, 118, 229], [92, 331, 248, 329], [70, 130, 623, 177], [37, 61, 32, 870]]",0.52220297,0.5884531,0.44016,0.5595967,0.50009346,0.16602099,0.08478784,0.13566855,0.12462213,742,632,1021,1605
1,5,5,0.5615,0.5438380934166915,0.7569331158238173,0.47333333333333333,0.5791940018744143,0.5116279069767442,0.464,0.284,0.618,0.88,0.5753254804711717,0.355,0.5979680696661829,0.6470588235294118,"[[464, 123, 134, 279], [73, 284, 279, 364], [53, 132, 618, 197], [23, 61, 36, 880]]",0.520884,0.57625264,0.43902048,0.5637574,0.50311136,0.1545399,0.08368689,0.13450924,0.12488318,613,600,1067,1720
1,7,5,0.54075,0.5182121426722996,0.7823529411764706,0.45293072824156305,0.5511111111111111,0.49334073251942284,0.399,0.255,0.62,0.889,0.528476821192053,0.32629558541266795,0.5835294117647059,0.6345467523197716,"[[399, 133, 153, 315], [58, 255, 306, 381], [41, 122, 620, 217], [12, 53, 46, 889]]",0.5194193,0.55106175,0.4402916,0.5672436,0.5053289,0.13882534,0.08222501,0.13451263,0.12550543,510,563,1125,1802
1,9,5,0.5225,0.49390866190365024,0.7942477876106194,0.41040462427745666,0.5227085053674649,0.4867986798679868,0.359,0.213,0.633,0.885,0.49449035812672176,0.2804476629361422,0.5725915875169606,0.6281050390347764,"[[359, 136, 181, 324], [53, 213, 340, 394], [33, 119, 633, 215], [7, 51, 57, 885]]",0.51884604,0.52772564,0.4410268,0.5676846,0.5063218,0.12770997,0.08152959,0.13575356,0.12577881,452,519,1211,1818
1,19,5,0.50175,0.46235227789161526,0.8207792207792208,0.3852040816326531,0.4748102139406487,0.48027057497181513,0.316,0.151,0.688,0.852,0.4563176895306859,0.21695402298850575,0.5618619844834626,0.6142754145638067,"[[316, 110, 241, 333], [41, 151, 430, 378], [21, 80, 688, 211], [7, 51, 90, 852]]",0.5116262,0.48427132,0.42432988,0.5704023,0.48884434,0.10479496,0.07232617,0.13800544,0.12336371,385,392,1449,1774
1,0,10,0.6145,0.6040760885258611,0.7093301435406698,0.5718562874251497,0.624,0.5741978609625669,0.593,0.382,0.624,0.859,0.6459694989106753,0.4580335731414868,0.624,0.688301282051282,"[[593, 101, 111, 195], [105, 382, 232, 281], [80, 135, 624, 161], [58, 50, 33, 859]]",0.5235917,0.5973486,0.44284496,0.55469763,0.49763724,0.17320007,0.0843016,0.13656439,0.12599042,836,668,1000,1496
1,1,10,0.61025,0.5996667051902523,0.7096385542168675,0.563338301043219,0.6260245901639344,0.5666447800393959,0.589,0.378,0.611,0.863,0.6437158469945355,0.4524236983842011,0.618421052631579,0.6841062227506937,"[[589, 102, 108, 201], [104, 378, 227, 291], [81, 140, 611, 168], [56, 51, 30, 863]]",0.52316344,0.599007,0.44008094,0.5550902,0.49797475,0.17212078,0.085543916,0.13543604,0.12639438,830,671,976,1523
1,3,10,0.592,0.578830472398622,0.7269076305220884,0.5234375,0.6128712871287129,0.5433562071116657,0.543,0.335,0.619,0.871,0.6216370921579851,0.40853658536585363,0.6159203980099502,0.6692278140606992,"[[543, 114, 115, 228], [95, 335, 244, 326], [72, 131, 619, 178], [37, 60, 32, 871]]",0.52221215,0.58845377,0.43994865,0.5604911,0.50006884,0.16631363,0.0846718,0.13557729,0.12486107,747,640,1010,1603
1,5,10,0.562,0.5446830341926339,0.7491909385113269,0.4792703150912106,0.581766917293233,0.5113702623906705,0.463,0.289,0.619,0.877,0.5723114956736712,0.3605739238927012,0.5998062015503876,0.6460405156537753,"[[463, 126, 133, 278], [75, 289, 274, 362], [55, 128, 619, 198], [25, 60, 38, 877]]",0.5207716,0.57718843,0.43841356,0.5632496,0.50304556,0.15442708,0.08417839,0.13445604,0.124739364,618,603,1064,1715
1,7,10,0.544,0.5221266163696884,0.7816091954022989,0.45598591549295775,0.5547576301615799,0.49610244988864144,0.408,0.259,0.618,0.891,0.5361366622864652,0.33035714285714285,0.5846736045411542,0.6373390557939914,"[[408, 133, 150, 309], [59, 259, 304, 378], [41, 123, 618, 218], [14, 53, 42, 891]]",0.5191484,0.5483362,0.43989605,0.56830204,0.505241,0.13946113,0.08221235,0.13341606,0.12558465,522,568,1114,1796
1,9,10,0.52425,0.4960699664305901,0.7924944812362031,0.4168260038240918,0.5256198347107438,0.48732083792723263,0.359,0.218,0.636,0.884,0.4941500344115623,0.2862770847012475,0.5755656108597285,0.6282871357498223,"[[359, 135, 181, 325], [54, 218, 337, 391], [33, 117, 636, 214], [7, 53, 56, 884]]",0.5185691,0.52760005,0.44134587,0.56675583,0.5064362,0.12820232,0.08147002,0.1355553,0.12565503,453,523,1210,1814
1,19,10,0.502,0.46327309990095716,0.8226221079691517,0.38676844783715014,0.47372060857538034,0.4802483069977427,0.32,0.152,0.685,0.851,0.4607631389488841,0.21823402727925342,0.5600981193785772,0.613997113997114,"[[320, 109, 242, 329], [40, 152, 429, 379], [22, 80, 685, 213], [7, 52, 90, 851]]",0.5113957,0.48527655,0.4246236,0.5695527,0.48891646,0.10478535,0.07303251,0.13808258,0.12322783,389,393,1446,1772
1,0,20,0.6085,0.5979698621650713,0.6931949250288351,0.5681818181818182,0.6214285714285714,0.5686537173476223,0.601,0.375,0.609,0.849,0.6438136047134441,0.45180722891566266,0.6151515151515151,0.681107099879663,"[[601, 97, 107, 195], [112, 375, 232, 281], [89, 134, 609, 168], [65, 54, 32, 849]]",0.5222909,0.59921515,0.43649015,0.55226016,0.4958778,0.17495766,0.08098853,0.13449365,0.1248001,867,660,980,1493
1,1,20,0.60525,0.5941022531772744,0.6920415224913494,0.5587786259541985,0.6227979274611399,0.5644415069398546,0.6,0.366,0.601,0.854,0.6427423674343867,0.4422960725075529,0.611704834605598,0.6796657381615598,"[[600, 99, 103, 198], [114, 366, 228, 292], [90, 140, 601, 169], [63, 50, 33, 854]]",0.52238536,0.5994169,0.4356164,0.5511247,0.49747726,0.17422508,0.08185323,0.13480294,0.12486832,867,655,965,1513
1,3,20,0.58925,0.575943585093617,0.7142857142857143,0.533011272141707,0.6062124248496994,0.5399002493765586,0.555,0.331,0.605,0.866,0.6246482836240855,0.4083898827884022,0.6056056056056056,0.6651305683563749,"[[555, 102, 118, 225], [97, 331, 244, 328], [81, 129, 605, 185], [44, 59, 31, 866]]",0.5211897,0.5900471,0.43834084,0.5571396,0.49754184,0.16838874,0.08236627,0.13410044,0.12476801,777,621,998,1604
1,5,20,0.5615,0.5436069378226971,0.7460815047021944,0.47297297297297297,0.5799043062200957,0.5124637681159421,0.476,0.28,0.606,0.884,0.5811965811965812,0.35175879396984927,0.5926650366748166,0.6488073394495413,"[[476, 122, 130, 272], [79, 280, 275, 366], [60, 131, 606, 203], [23, 59, 34, 884]]",0.5192102,0.5795188,0.43575576,0.56080407,0.500348,0.15491524,0.082179956,0.13318557,0.12528513,638,592,1045,1725
1,7,20,0.54275,0.5204773208387747,0.7744916820702403,0.4528985507246377,0.5470008952551477,0.4977653631284916,0.419,0.25,0.611,0.891,0.5438027255029202,0.32216494845360827,0.5772319319792159,0.6387096774193548,"[[419, 123, 153, 305], [64, 250, 308, 378], [44, 129, 611, 216], [14, 50, 45, 891]]",0.51788294,0.5510765,0.43803906,0.56327283,0.5041486,0.1391937,0.080519274,0.13339894,0.12575048,541,552,1117,1790
1,9,20,0.5255,0.4981806698728675,0.7827004219409283,0.42003853564547206,0.5271059216013344,0.4872787610619469,0.371,0.218,0.632,0.881,0.5033921302578019,0.28703094140882157,0.574806730331969,0.6274928774928775,"[[371, 133, 174, 322], [58, 218, 334, 390], [36, 117, 632, 215], [9, 51, 59, 881]]",0.5168665,0.5272339,0.4377973,0.56345093,0.5059529,0.12905902,0.07888254,0.1349958,0.12532742,474,519,1199,1808
1,19,20,0.50375,0.4658150259360179,0.8211586901763224,0.38403990024937656,0.4745998608211552,0.48328611898017,0.326,0.154,0.682,0.853,0.4667143879742305,0.21984296930763741,0.5597045547804678,0.616998191681736,"[[326, 107, 244, 323], [41, 154, 427, 378], [22, 85, 682, 211], [8, 55, 84, 853]]",0.5096988,0.48904458,0.42145193,0.56597906,0.4885724,0.1062571,0.07178366,0.13729963,0.12285978,397,401,1437,1765
1,0,30,0.5915,0.5771859547126708,0.6336633663366337,0.5506003430531733,0.6213592233009708,0.5601351351351351,0.64,0.321,0.576,0.829,0.6368159203980099,0.40555906506632977,0.5978204462895693,0.6685483870967742,"[[640, 80, 92, 188], [156, 321, 232, 291], [121, 131, 576, 172], [93, 51, 27, 829]]",0.5197406,0.59506524,0.42538062,0.544553,0.48996562,0.17714433,0.07688312,0.13150445,0.123489425,1010,583,927,1480
1,1,30,0.59125,0.5763366266381764,0.6382765531062125,0.5467128027681661,0.6232356134636265,0.5575515635395875,0.637,0.316,0.574,0.838,0.6376376376376376,0.4005069708491762,0.5976054138469548,0.6695964842189372,"[[637, 78, 92, 193], [151, 316, 232, 301], [121, 134, 574, 171], [89, 50, 23, 838]]",0.5197615,0.5962976,0.42547455,0.54299814,0.4909616,0.17614782,0.0772235,0.13184334,0.12396248,998,578,921,1503
1,3,30,0.57775,0.5611995965512947,0.6614525139664804,0.5096660808435852,0.6044071353620147,0.5388502842703727,0.592,0.29,0.576,0.853,0.6248021108179419,0.36966220522625876,0.5898617511520737,0.6604723190089044,"[[592, 94, 98, 216], [128, 290, 252, 330], [109, 131, 576, 184], [66, 54, 27, 853]]",0.51744753,0.5849187,0.42332873,0.55035573,0.49331945,0.1715352,0.07857135,0.12963071,0.12330927,895,569,953,1583
1,5,30,0.56125,0.5423964772423197,0.6986486486486486,0.48717948717948717,0.5825049701789264,0.5128805620608899,0.517,0.266,0.586,0.876,0.5942528735632184,0.34411384217335056,0.584247258225324,0.6469719350073855,"[[517, 100, 121, 262], [103, 266, 266, 365], [84, 125, 586, 205], [36, 55, 33, 876]]",0.5156245,0.57419425,0.42655933,0.55364114,0.49632892,0.15967639,0.07634211,0.13070594,0.1245555,740,546,1006,1708
1,7,30,0.54425,0.5217730322003199,0.7306451612903225,0.4679611650485437,0.5493998153277931,0.4983164983164983,0.453,0.241,0.595,0.888,0.5592592592592592,0.31815181518151814,0.5712914066250601,0.6383896477354422,"[[453, 106, 145, 296], [80, 241, 300, 379], [66, 120, 595, 219], [21, 48, 43, 888]]",0.5135412,0.55085963,0.42656326,0.55496836,0.50051683,0.14278528,0.07709437,0.13063452,0.1251084,620,515,1083,1782
1,9,30,0.53075,0.503381092792598,0.7459165154264973,0.4357894736842105,0.5321888412017167,0.4892205638474295,0.411,0.207,0.62,0.885,0.5299806576402321,0.28067796610169493,0.5727482678983834,0.6301174795300819,"[[411, 109, 168, 312], [75, 207, 326, 392], [49, 111, 620, 220], [16, 48, 51, 885]]",0.5121857,0.5298638,0.4271491,0.5562898,0.50072646,0.12932256,0.0760154,0.13148971,0.12559697,551,475,1165,1809
1,19,30,0.51,0.47397442206189205,0.7982832618025751,0.38421052631578945,0.47882268485283563,0.4855195911413969,0.372,0.146,0.667,0.855,0.5075034106412005,0.21159420289855072,0.5574592561638111,0.6193408185440058,"[[372, 92, 220, 316], [52, 146, 423, 379], [32, 90, 667, 211], [10, 52, 83, 855]]",0.504569,0.49147478,0.41396564,0.5566864,0.48635858,0.11040059,0.06818737,0.1338139,0.122621074,466,380,1393,1761
2,0,0,0.6345,0.6265563722432855,0.7449101796407186,0.6221889055472264,0.6537282941777324,0.5668202764976958,0.622,0.415,0.64,0.861,0.6779291553133515,0.4979004199160168,0.6467913087417888,0.6836046050019849,"[[622, 77, 95, 206], [79, 415, 220, 286], [78, 116, 640, 166], [56, 59, 24, 861]]",0.52265877,0.60800964,0.44668254,0.5527512,0.48970792,0.17722593,0.08552242,0.13473803,0.12161226,835,667,979,1519
2,1,0,0.6265,0.6178103033039336,0.733015494636472,0.6133942161339422,0.6516736401673641,0.5587855297157622,0.615,0.403,0.623,0.865,0.6688417618270799,0.4864212432106216,0.6370143149284253,0.6789638932496075,"[[615, 79, 94, 212], [85, 403, 215, 297], [85, 118, 623, 174], [54, 57, 24, 865]]",0.5216895,0.6056747,0.44484285,0.55153847,0.49035144,0.17664489,0.08521806,0.13492249,0.12118902,839,657,956,1548
2,3,0,0.604,0.5938587620082201,0.7365591397849462,0.5820433436532507,0.6286286286286287,0.5363128491620112,0.548,0.376,0.628,0.864,0.6284403669724771,0.456865127582017,0.6283141570785392,0.6618153963998468,"[[548, 94, 109, 249], [79, 376, 234, 311], [74, 111, 628, 187], [43, 65, 28, 864]]",0.51848906,0.5941464,0.44296208,0.55477977,0.49133018,0.1715744,0.085059896,0.13380237,0.12137006,744,646,999,1611
2,5,0,0.56625,0.5510561677679177,0.7523809523809524,0.5107794361525705,0.5884057971014492,0.5046189376443418,0.474,0.308,0.609,0.874,0.5815950920245399,0.38427947598253276,0.5985257985257986,0.6398243045387995,"[[474, 100, 124, 302], [65, 308, 271, 356], [61, 130, 609, 200], [30, 65, 31, 874]]",0.5174535,0.5779172,0.44356242,0.55888194,0.4964291,0.15963292,0.08386919,0.13380188,0.12211649,630,603,1035,1732
2,7,0,0.5445,0.524849079865303,0.7679558011049724,0.47735191637630664,0.5570902394106814,0.49081803005008345,0.417,0.274,0.605,0.882,0.5405055087491899,0.34815756035578144,0.5800575263662512,0.6306757239899893,"[[417, 115, 145, 323], [55, 274, 292, 379], [53, 129, 605, 213], [18, 56, 44, 882]]",0.5165823,0.55269057,0.4436295,0.561882,0.5015977,0.14570194,0.08109262,0.13466641,0.12226613,543,574,1086,1797
2,9,0,0.5325,0.5083217038565849,0.797071129707113,0.4496268656716418,0.5366894197952219,0.48456449834619625,0.381,0.241,0.629,0.879,0.5155615696887687,0.3138020833333333,0.5791896869244936,0.6247334754797441,"[[381, 119, 156, 344], [46, 241, 333, 380], [40, 120, 629, 211], [11, 56, 54, 879]]",0.51536983,0.52743256,0.44242457,0.5619771,0.5036328,0.13217057,0.08245542,0.13473159,0.122803695,478,536,1172,1814
2,19,0,0.50825,0.4741954496420433,0.8525,0.38979118329466356,0.46745976207137857,0.49195402298850577,0.341,0.168,0.668,0.856,0.48714285714285716,0.2348008385744235,0.5500205846027172,0.6248175182481752,"[[341, 95, 226, 338], [30, 168, 448, 354], [26, 114, 668, 192], [3, 54, 87, 856]]",0.5092868,0.49251008,0.4266913,0.5633401,0.48921052,0.11272081,0.07467027,0.13824928,0.11861918,400,431,1429,1740
2,0,1,0.62325,0.613794015290177,0.7228637413394919,0.6065318818040435,0.6484210526315789,0.5587280986372486,0.626,0.39,0.616,0.861,0.6709539121114684,0.47474132684114423,0.6317948717948718,0.6776859504132231,"[[626, 78, 92, 204], [91, 390, 218, 301], [90, 119, 616, 175], [59, 56, 24, 861]]",0.5218125,0.60605854,0.44450328,0.54992545,0.4893955,0.17744334,0.0841769,0.13532151,0.12161541,866,643,950,1541
2,1,1,0.619,0.6092224328499323,0.713302752293578,0.603125,0.6498388829215896,0.5542710340398201,0.622,0.386,0.605,0.863,0.6645299145299145,0.47073170731707314,0.6266183324702227,0.6750097770825185,"[[622, 78, 91, 209], [97, 386, 212, 305], [95, 120, 605, 180], [58, 56, 23, 863]]",0.5210393,0.60342205,0.44091505,0.5492129,0.49098945,0.17697604,0.08522427,0.134373,0.120426744,872,640,931,1557
2,3,1,0.60025,0.5896885413198556,0.7240932642487047,0.5825396825396826,0.6297828335056876,0.5309625996321276,0.559,0.367,0.609,0.866,0.6309255079006773,0.4503067484662577,0.6192170818505338,0.6583048270619536,"[[559, 90, 103, 248], [84, 367, 229, 320], [81, 113, 609, 197], [48, 60, 26, 866]]",0.51820785,0.5937951,0.44090906,0.5521735,0.49215022,0.17225249,0.08466898,0.13420317,0.121612504,772,630,967,1631
2,5,1,0.56925,0.5537256056637496,0.7530674846625767,0.5215146299483648,0.591897233201581,0.5037037037037037,0.491,0.303,0.599,0.884,0.5944309927360775,0.38330170777988615,0.595427435387674,0.6417422867513611,"[[491, 99, 120, 290], [66, 303, 263, 368], [65, 123, 599, 213], [30, 56, 30, 884]]",0.5170924,0.58068126,0.4421954,0.55479985,0.49651983,0.15885097,0.084418185,0.13446788,0.122640796,652,581,1012,1755
2,7,1,0.5455,0.5261800328806399,0.7583774250440917,0.4814159292035398,0.5639810426540285,0.4881412024269167,0.43,0.272,0.595,0.885,0.5488194001276324,0.34760383386581467,0.5790754257907542,0.6292214717383576,"[[430, 113, 138, 319], [58, 272, 285, 385], [60, 121, 595, 224], [19, 59, 37, 885]]",0.5158142,0.55353624,0.43951428,0.5592601,0.5025134,0.14581776,0.08240166,0.1343037,0.12258377,567,565,1055,1813
2,9,1,0.53125,0.5070280348142657,0.794,0.4437984496124031,0.5378590078328982,0.48010899182561306,0.397,0.229,0.618,0.881,0.5293333333333333,0.3021108179419525,0.5751512331316891,0.6215167548500882,"[[397, 115, 149, 339], [48, 229, 332, 391], [43, 115, 618, 224], [12, 57, 50, 881]]",0.51429254,0.5295268,0.44038865,0.5572928,0.5039983,0.13281995,0.08287678,0.13551824,0.12377857,500,516,1149,1835
2,19,1,0.50825,0.47507208285576225,0.8434579439252337,0.391304347826087,0.46906474820143884,0.4852941176470588,0.361,0.162,0.652,0.858,0.5056022408963585,0.22913719943422914,0.5456066945606695,0.619942196531792,"[[361, 86, 211, 342], [32, 162, 444, 362], [31, 111, 652, 206], [4, 55, 83, 858]]",0.5074363,0.49212882,0.4253358,0.55901676,0.4898143,0.11560519,0.07427105,0.13856319,0.11933521,428,414,1390,1768
2,0,3,0.62325,0.6139155597872782,0.7217090069284064,0.6024653312788906,0.6522198731501057,0.5588044184535412,0.625,0.391,0.617,0.86,0.669882100750268,0.4742268041237113,0.6341212744090442,0.677432059866089,"[[625, 81, 90, 204], [92, 391, 216, 301], [90, 119, 617, 174], [59, 58, 23, 860]]",0.52153796,0.60666084,0.44302928,0.55025357,0.48909536,0.17700833,0.084231995,0.13502994,0.12160165,866,649,946,1539
2,1,3,0.61675,0.6068006454257767,0.7115165336374002,0.5950155763239875,0.6479481641468683,0.5536977491961415,0.624,0.382,0.6,0.861,0.6648907831646244,0.46528623629719856,0.6230529595015576,0.673972602739726,"[[624, 79, 90, 207], [98, 382, 213, 307], [96, 124, 600, 180], [59, 57, 23, 861]]",0.5209215,0.60213864,0.4412316,0.5495841,0.49094844,0.17755061,0.08483135,0.13446988,0.12049969,877,642,926,1555
2,3,3,0.6,0.5896042331519467,0.7239583333333334,0.5829383886255924,0.6308169596690796,0.5300245098039216,0.556,0.369,0.61,0.865,0.6289592760180995,0.4519289650949173,0.6202338586680224,0.6572948328267477,"[[556, 91, 104, 249], [83, 369, 228, 320], [80, 112, 610, 198], [49, 61, 25, 865]]",0.5181959,0.5958615,0.44058257,0.55137837,0.4920899,0.17173512,0.08497512,0.13434851,0.12153906,768,633,967,1632
2,5,3,0.56825,0.552750399084709,0.749618320610687,0.5197934595524957,0.5926660059464817,0.5025641025641026,0.491,0.302,0.598,0.882,0.5933534743202417,0.3820366856419987,0.5953210552513688,0.6402903811252268,"[[491, 97, 120, 292], [67, 302, 262, 369], [66, 124, 598, 212], [31, 58, 29, 882]]",0.5169063,0.5803219,0.44189107,0.55476916,0.49630406,0.1588663,0.0846088,0.13418299,0.1227607,655,581,1009,1755
2,7,3,0.546,0.5266924316925868,0.7583774250440917,0.48148148148148145,0.5645161290322581,0.488962472406181,0.43,0.273,0.595,0.886,0.5488194001276324,0.3484365028717294,0.5793573515092503,0.6301564722617354,"[[430, 115, 139, 316], [58, 273, 283, 386], [60, 121, 595, 224], [19, 58, 37, 886]]",0.5157362,0.55419767,0.4397561,0.5587457,0.5024587,0.14540903,0.08243829,0.13450876,0.12260459,567,567,1054,1812
2,9,3,0.53,0.505579208635507,0.7944111776447106,0.436046511627907,0.537521815008726,0.47958628198149156,0.398,0.225,0.616,0.881,0.5303131245836109,0.29683377308707126,0.5740913327120224,0.6210786041593233,"[[398, 116, 148, 338], [48, 225, 332, 395], [43, 118, 616, 223], [12, 57, 50, 881]]",0.5140905,0.5295747,0.44080564,0.55733556,0.5034745,0.13258305,0.08282444,0.13528012,0.12383762,501,516,1146,1837
2,19,3,0.509,0.47608177902053694,0.8438228438228438,0.39709443099273606,0.46906474820143884,0.4852941176470588,0.362,0.164,0.652,0.858,0.5066480055983205,0.23213021939136588,0.5456066945606695,0.619942196531792,"[[362, 84, 212, 342], [32, 164, 443, 361], [31, 110, 652, 207], [4, 55, 83, 858]]",0.5073523,0.4921915,0.4250792,0.55890876,0.48971617,0.11605172,0.07451368,0.1382369,0.11926347,429,413,1390,1768
2,0,5,0.62275,0.6132846571874634,0.7195402298850575,0.6015384615384616,0.649364406779661,0.560546875,0.626,0.391,0.613,0.861,0.6695187165775401,0.47393939393939394,0.6306584362139918,0.6790220820189274,"[[626, 81, 91, 202], [93, 391, 216, 300], [92, 122, 613, 173], [59, 56, 24, 861]]",0.52131176,0.6058809,0.44226506,0.5499675,0.48925063,0.17693195,0.08442555,0.13486488,0.12135091,870,650,944,1536
2,1,5,0.6165,0.6065681518936766,0.7092360319270239,0.5925925925925926,0.647887323943662,0.5554123711340206,0.622,0.384,0.598,0.862,0.6627597229621737,0.46601941747572817,0.6219448777951118,0.6755485893416928,"[[622, 81, 91, 206], [99, 384, 212, 305], [97, 126, 598, 179], [59, 57, 22, 862]]",0.52077764,0.6021741,0.43993255,0.54981554,0.4912679,0.17759976,0.0845763,0.1342831,0.12029982,877,648,923,1552
2,3,5,0.59725,0.5865733701845849,0.7230169050715215,0.573228346456693,0.6272066458982347,0.5296999387630129,0.556,0.364,0.604,0.865,0.6286037309214245,0.4452599388379205,0.6153846153846154,0.657045195594379,"[[556, 91, 103, 250], [84, 364, 232, 320], [80, 118, 604, 198], [49, 62, 24, 865]]",0.51819724,0.5964648,0.44037986,0.551804,0.4917816,0.1714218,0.08523738,0.1343952,0.12155589,769,635,963,1633
2,5,5,0.56825,0.5527641421178412,0.7481031866464339,0.5206896551724138,0.5918570009930486,0.5028506271379704,0.493,0.302,0.596,0.882,0.594333936106088,0.3822784810126582,0.5939212755356253,0.6405228758169934,"[[493, 97, 119, 291], [68, 302, 262, 368], [67, 124, 596, 213], [31, 57, 30, 882]]",0.5169481,0.57924557,0.44245562,0.5547554,0.4964691,0.15972853,0.084289536,0.13405067,0.1228588,659,580,1007,1754
2,7,5,0.54675,0.5276112247718889,0.7605633802816901,0.4807017543859649,0.5657142857142857,0.48951434878587197,0.432,0.274,0.594,0.887,0.5510204081632653,0.3490445859872611,0.5795121951219512,0.6308677098150782,"[[432, 115, 138, 315], [58, 274, 282, 386], [60, 122, 594, 224], [18, 59, 36, 887]]",0.5157456,0.5545706,0.43996426,0.55899775,0.50235045,0.14571786,0.082537025,0.1342977,0.12255922,568,570,1050,1812
2,9,5,0.53,0.5055947040618056,0.7964071856287425,0.43410852713178294,0.5379912663755458,0.47932535364526657,0.399,0.224,0.616,0.881,0.5316455696202531,0.2955145118733509,0.5743589743589743,0.6208597603946441,"[[399, 115, 148, 338], [48, 224, 332, 396], [43, 118, 616, 223], [11, 59, 49, 881]]",0.51415324,0.53073144,0.44060692,0.5573042,0.50340056,0.1324158,0.08275799,0.1351597,0.12385521,501,516,1145,1838
2,19,5,0.50925,0.4766639051895059,0.8445475638051044,0.40048543689320387,0.4680086268871316,0.485277463193658,0.364,0.165,0.651,0.857,0.5087351502445842,0.23371104815864022,0.5445420326223338,0.6196673897324656,"[[364, 82, 214, 340], [32, 165, 442, 361], [31, 110, 651, 208], [4, 55, 84, 857]]",0.5073499,0.4924936,0.4253566,0.5584908,0.48982286,0.1162372,0.07428278,0.13831003,0.119128674,431,412,1391,1766
2,0,10,0.62075,0.6114587515328546,0.7146118721461188,0.5990783410138248,0.6510638297872341,0.5577299412915852,0.626,0.39,0.612,0.855,0.6673773987206824,0.47244094488188976,0.6309278350515464,0.6750888274772996,"[[626, 79, 92, 203], [96, 390, 214, 300], [93, 120, 612, 175], [61, 62, 22, 855]]",0.5207339,0.6049933,0.44138253,0.54921776,0.4888171,0.17763095,0.08384892,0.1353384,0.12103264,876,651,940,1533
2,1,10,0.61675,0.6069471419461939,0.7066817667044167,0.595679012345679,0.6499454743729552,0.5547680412371134,0.624,0.386,0.596,0.861,0.6627721720658524,0.4684466019417476,0.6218049034950444,0.6747648902821317,"[[624, 80, 91, 205], [100, 386, 208, 306], [99, 125, 596, 180], [60, 57, 22, 861]]",0.52038926,0.60179186,0.44007045,0.54937035,0.4904876,0.17736171,0.08404964,0.13442892,0.12049985,883,648,917,1552
2,3,10,0.599,0.5882041427635332,0.7197943444730077,0.5757097791798107,0.6307531380753139,0.5318627450980392,0.56,0.365,0.603,0.868,0.6299212598425197,0.4467564259485924,0.6165644171779141,0.6595744680851063,"[[560, 92, 101, 247], [87, 365, 227, 321], [82, 119, 603, 196], [49, 58, 25, 868]]",0.5180763,0.59536207,0.44022828,0.5518167,0.49171096,0.171736,0.085592255,0.1341249,0.12153409,778,634,956,1632
2,5,10,0.56875,0.5531482856089042,0.7458646616541353,0.5136518771331058,0.5932203389830508,0.5057273768613975,0.496,0.301,0.595,0.883,0.5957957957957958,0.37957124842370743,0.5941088367448827,0.6431172614712308,"[[496, 103, 115, 286], [71, 301, 262, 366], [68, 126, 595, 211], [30, 56, 31, 883]]",0.51680994,0.5783238,0.44155222,0.55447114,0.49700487,0.16046311,0.08421625,0.1338276,0.12240623,665,586,1003,1746
2,7,10,0.54875,0.530012419689649,0.7574171029668412,0.4955595026642984,0.5681601525262154,0.4881542699724518,0.434,0.279,0.596,0.886,0.5518118245390973,0.3570057581573896,0.5817471937530503,0.6294849023090586,"[[434, 110, 138, 318], [58, 279, 278, 385], [61, 117, 596, 226], [20, 57, 37, 886]]",0.5157316,0.5542165,0.44263583,0.5579692,0.5018439,0.14646606,0.081759006,0.13460557,0.122662745,573,563,1049,1815
2,9,10,0.53,0.5057226583717228,0.7936507936507936,0.436046511627907,0.5361813426329556,0.4800872885979269,0.4,0.225,0.615,0.88,0.5319148936170213,0.29683377308707126,0.5728924080111784,0.6212495587716201,"[[400, 113, 150, 337], [48, 225, 331, 396], [45, 120, 615, 220], [11, 58, 51, 880]]",0.5140403,0.5317378,0.44218078,0.5556929,0.503339,0.13238917,0.082999125,0.13553083,0.123796485,504,516,1147,1833
2,19,10,0.50975,0.4776852616272338,0.8449074074074074,0.4019138755980861,0.467870036101083,0.4861189801699717,0.365,0.168,0.648,0.858,0.5097765363128491,0.23695345557122707,0.5433962264150943,0.6206148282097649,"[[365, 82, 213, 340], [32, 168, 440, 360], [31, 114, 648, 207], [4, 54, 84, 858]]",0.50697076,0.49394664,0.42542446,0.55792665,0.48948565,0.1154455,0.074029475,0.13797885,0.1191414,432,418,1385,1765
2,0,20,0.6115,0.6005535503973433,0.682454251883746,0.5952,0.6384364820846905,0.5586885245901639,0.634,0.372,0.588,0.852,0.6573354069466044,0.45784615384615385,0.6121811556480999,0.6748514851485149,"[[634, 79, 88, 199], [111, 372, 218, 299], [117, 120, 588, 175], [67, 54, 27, 852]]",0.5194144,0.6006482,0.43775943,0.5458018,0.48745742,0.17945705,0.08281616,0.13426185,0.12062909,929,625,921,1525
2,1,20,0.61,0.5990260169988605,0.6836403033586133,0.5875796178343949,0.6443468715697036,0.5546163849154746,0.631,0.369,0.587,0.853,0.656266250650026,0.4533169533169533,0.6143380429094715,0.6721828211189913,"[[631, 78, 90, 201], [113, 369, 211, 307], [112, 124, 587, 177], [67, 57, 23, 853]]",0.5195564,0.6012665,0.4360319,0.54407364,0.4901023,0.17808256,0.08323162,0.13447648,0.11956598,923,628,911,1538
2,3,20,0.59675,0.5852499362244066,0.7001223990208079,0.5823817292006526,0.6284501061571125,0.5319410319410319,0.572,0.357,0.592,0.866,0.6296092460099064,0.4426534407935524,0.6096807415036045,0.6590563165905632,"[[572, 83, 99, 246], [97, 357, 224, 322], [94, 120, 592, 194], [54, 53, 27, 866]]",0.51744664,0.5953721,0.4392718,0.54837245,0.48988155,0.17188482,0.08303097,0.13417357,0.12163098,817,613,942,1628
2,5,20,0.56675,0.5510114140156837,0.733044733044733,0.5157894736842106,0.5933400605449042,0.502290950744559,0.508,0.294,0.588,0.877,0.6001181334908446,0.37452229299363055,0.5906579608237067,0.6387472687545521,"[[508, 91, 115, 286], [79, 294, 258, 369], [70, 128, 588, 214], [36, 57, 30, 877]]",0.51617956,0.5809097,0.44082332,0.55130154,0.49515384,0.15985534,0.081899956,0.1336857,0.12259195,693,570,991,1746
2,7,20,0.5465,0.5264176895814834,0.7504215851602024,0.4842300556586271,0.5638095238095238,0.4884488448844885,0.445,0.261,0.592,0.888,0.5586942875078468,0.3391812865497076,0.577560975609756,0.6302342086586231,"[[445, 105, 135, 315], [65, 261, 286, 388], [63, 118, 592, 227], [20, 55, 37, 888]]",0.5143932,0.5565768,0.43980655,0.55340844,0.50021356,0.14671932,0.08061771,0.1338219,0.12314684,593,539,1050,1818
2,9,20,0.5315,0.5075657502482026,0.7822736030828517,0.4340344168260038,0.5406360424028268,0.4824753559693319,0.406,0.227,0.612,0.881,0.5345622119815668,0.2980958634274458,0.574108818011257,0.6234961075725407,"[[406, 114, 148, 332], [53, 227, 325, 395], [47, 123, 612, 218], [13, 59, 47, 881]]",0.51249164,0.53409505,0.43525624,0.5538368,0.50284165,0.13354503,0.08205604,0.13412985,0.12359574,519,523,1132,1826
2,19,20,0.512,0.47983523899242925,0.8270509977827051,0.4014423076923077,0.47230320699708456,0.488358886996025,0.373,0.167,0.648,0.86,0.5141281874569262,0.23587570621468926,0.5463743676222597,0.6229626946758421,"[[373, 86, 206, 335], [38, 167, 435, 360], [36, 110, 648, 206], [4, 53, 83, 860]]",0.50538445,0.49251974,0.42346758,0.55482227,0.4895132,0.1171434,0.07254743,0.13663729,0.11864901,451,416,1372,1761
2,0,30,0.589,0.5741678665108177,0.618421052631579,0.5706618962432916,0.6383720930232558,0.5471324983520105,0.658,0.319,0.549,0.83,0.6375968992248062,0.40923669018601666,0.5903225806451613,0.6595152959872864,"[[658, 70, 77, 195], [160, 319, 210, 311], [156, 114, 549, 181], [90, 56, 24, 830]]",0.51883644,0.6009517,0.42781392,0.5393544,0.48315132,0.1786311,0.081195734,0.1312591,0.11850186,1064,559,860,1517
2,1,30,0.588,0.5730567135815684,0.6214421252371917,0.5646017699115045,0.643281807372176,0.5435064935064935,0.655,0.319,0.541,0.837,0.6377799415774099,0.40766773162939296,0.5877240630092341,0.6590551181102362,"[[655, 75, 74, 196], [159, 319, 204, 318], [154, 116, 541, 189], [86, 55, 22, 837]]",0.5185337,0.60068524,0.42578498,0.54068553,0.4842385,0.17784774,0.08150177,0.1301799,0.11797423,1054,565,841,1540
2,3,30,0.5775,0.5619514509693929,0.6405579399141631,0.5452898550724637,0.6236203090507726,0.5260869565217391,0.597,0.301,0.565,0.847,0.6180124223602484,0.38788659793814434,0.5928646379853095,0.6490421455938697,"[[597, 81, 88, 234], [139, 301, 224, 336], [127, 115, 565, 193], [69, 55, 29, 847]]",0.5163048,0.5945074,0.43005735,0.5399047,0.48732486,0.17191115,0.0806124,0.13208434,0.1194545,932,552,906,1610
2,5,30,0.56025,0.5430808512783747,0.6691729323308271,0.5232774674115456,0.5953141640042598,0.5023174971031287,0.534,0.281,0.559,0.867,0.5939933259176863,0.3656473649967469,0.5765858690046416,0.6360968451944241,"[[534, 80, 109, 277], [109, 281, 241, 369], [101, 127, 559, 213], [54, 49, 30, 867]]",0.5142141,0.5784841,0.42978388,0.5473485,0.49274153,0.16209781,0.07936839,0.13005537,0.12098573,798,537,939,1726
2,7,30,0.5485,0.5280969735245498,0.7066473988439307,0.5040160642570282,0.5656465942744324,0.4902615470228158,0.489,0.251,0.573,0.881,0.5780141843971631,0.33511348464619495,0.5692995529061102,0.6299606721487307,"[[489, 80, 129, 302], [90, 251, 271, 388], [85, 116, 573, 226], [28, 51, 40, 881]]",0.51222134,0.5569462,0.43236452,0.5465113,0.4977992,0.14909285,0.07796418,0.13130465,0.121752426,692,498,1013,1797
2,9,30,0.53725,0.5135980100631721,0.743801652892562,0.45194274028629855,0.5457038391224863,0.48620309050772625,0.45,0.221,0.597,0.881,0.5607476635514018,0.29684351914036267,0.5702005730659025,0.6266002844950214,"[[450, 90, 144, 316], [71, 221, 312, 396], [64, 120, 597, 219], [20, 58, 41, 881]]",0.50970805,0.5371498,0.4273684,0.5465771,0.5005067,0.13711266,0.077526,0.13174662,0.12303081,605,489,1094,1812
2,19,30,0.519,0.48550839981795274,0.8,0.3788659793814433,0.48148148148148145,0.4943310657596372,0.42,0.147,0.637,0.872,0.5508196721311476,0.21181556195965417,0.5484287559190701,0.6309696092619392,"[[420, 81, 184, 315], [54, 147, 429, 370], [47, 109, 637, 207], [4, 51, 73, 872]]",0.5007755,0.49291527,0.41867316,0.54718757,0.48636466,0.11998905,0.06912333,0.13358456,0.11846727,525,388,1323,1764
3,0,0,0.625,0.6164916286930266,0.740979381443299,0.5884016973125884,0.6364532019704433,0.5745672436750998,0.575,0.416,0.646,0.863,0.6475225225225225,0.4874048037492677,0.6411910669975186,0.6898481215027977,"[[575, 105, 108, 212], [89, 416, 228, 267], [74, 120, 646, 160], [38, 66, 33, 863]]",0.52671295,0.60741484,0.45171827,0.5599596,0.4978523,0.17590077,0.09012351,0.13694929,0.12744297,776,707,1015,1502
3,1,0,0.62125,0.6122861935122621,0.7421875,0.5910404624277457,0.634097706879362,0.5660377358490566,0.57,0.409,0.636,0.87,0.6447963800904978,0.483451536643026,0.635047428856715,0.6858494284588096,"[[570, 107, 107, 216], [90, 409, 228, 273], [70, 116, 636, 178], [38, 60, 32, 870]]",0.5255325,0.60797465,0.4512683,0.55727667,0.49705863,0.17426194,0.088394865,0.13770872,0.12796667,768,692,1003,1537
3,3,0,0.5985,0.5881275714048015,0.7521865889212828,0.5509325681492109,0.6137931034482759,0.5436953807740325,0.516,0.384,0.623,0.871,0.6120996441281139,0.4525633470830878,0.6183622828784119,0.6694850115295926,"[[516, 120, 118, 246], [77, 384, 244, 295], [61, 126, 623, 190], [32, 67, 30, 871]]",0.52297497,0.5982904,0.44763437,0.56448954,0.49720013,0.16462058,0.08692839,0.13599108,0.12647675,686,697,1015,1602
3,5,0,0.572,0.5589390817581114,0.7811965811965812,0.5044378698224852,0.5870178739416745,0.5167064439140812,0.457,0.341,0.624,0.866,0.5766561514195584,0.40692124105011934,0.6049442559379544,0.6472346786248132,"[[457, 139, 125, 279], [62, 341, 274, 323], [42, 126, 624, 208], [24, 70, 40, 866]]",0.5212011,0.578005,0.4457124,0.564867,0.50412655,0.15224038,0.08327448,0.13693857,0.12604427,585,676,1063,1676
3,7,0,0.5465,0.5276701658637419,0.8028169014084507,0.46365105008077545,0.5572315882874889,0.49630051223676724,0.399,0.287,0.628,0.872,0.533066132264529,0.35453983940704137,0.5905030559473436,0.6325716358360537,"[[399, 141, 145, 315], [51, 287, 311, 351], [33, 120, 628, 219], [14, 71, 43, 872]]",0.51990575,0.54869986,0.44538403,0.5686048,0.506778,0.13794973,0.08241931,0.13596947,0.12674558,497,619,1127,1757
3,9,0,0.527,0.5024650605986328,0.8133971291866029,0.4421768707482993,0.5275267050123253,0.48733821046707937,0.34,0.26,0.642,0.866,0.4795486600846262,0.327455919395466,0.5791610284167794,0.6236946344976594,"[[340, 149, 173, 338], [42, 260, 344, 354], [26, 113, 642, 219], [10, 66, 58, 866]]",0.5177617,0.5265325,0.44075817,0.5677324,0.5069556,0.12325812,0.08186172,0.137728,0.12783323,418,588,1217,1777
3,19,0,0.50275,0.46723629538227396,0.8328611898016998,0.4318181818181818,0.4650537634408602,0.4857475276323444,0.294,0.19,0.692,0.835,0.43458980044345896,0.2638888888888889,0.5562700964630225,0.6141963957337256,"[[294, 115, 257, 334], [35, 190, 433, 342], [18, 82, 692, 208], [6, 53, 106, 835]]",0.51208836,0.48306406,0.4314521,0.5685148,0.48984474,0.11008211,0.07268975,0.13833034,0.12393034,353,440,1488,1719
3,0,1,0.6205,0.6113921806523697,0.7272727272727273,0.592375366568915,0.6382113821138211,0.565643370346179,0.584,0.404,0.628,0.866,0.6478092068774265,0.4803804994054697,0.6330645161290323,0.6843145001975504,"[[584, 100, 105, 211], [97, 404, 221, 278], [78, 118, 628, 176], [44, 60, 30, 866]]",0.5248865,0.6051594,0.44970068,0.5574631,0.49533844,0.17598653,0.088428244,0.13697697,0.12776701,803,682,984,1531
3,1,1,0.613,0.6033764940147612,0.7222914072229141,0.5874439461883408,0.6309278350515464,0.5564826700898587,0.58,0.393,0.612,0.867,0.6433721575152523,0.47094068304373876,0.6213197969543147,0.6778733385457388,"[[580, 101, 104, 215], [97, 393, 223, 287], [79, 120, 612, 189], [47, 55, 31, 867]]",0.5245618,0.6036568,0.44968978,0.55591345,0.49642646,0.17531985,0.08816169,0.13690467,0.12839708,803,669,970,1558
3,3,1,0.59775,0.5872647022459853,0.7453769559032717,0.553623188405797,0.6178861788617886,0.5403573629081947,0.524,0.382,0.608,0.877,0.6153846153846154,0.45207100591715976,0.6129032258064516,0.6686999618757148,"[[524, 120, 111, 245], [81, 382, 236, 301], [63, 129, 608, 200], [35, 59, 29, 877]]",0.52229446,0.599687,0.44453382,0.5626365,0.49737215,0.16535081,0.0865594,0.13526037,0.12637293,703,690,984,1623
3,5,1,0.57025,0.5567969116894622,0.7694859038142621,0.5052790346907994,0.5910418695228822,0.5125951962507322,0.464,0.335,0.607,0.875,0.578914535246413,0.40288634996993383,0.5989146521953626,0.6464721093461396,"[[464, 134, 121, 281], [69, 335, 263, 333], [45, 130, 607, 218], [25, 64, 36, 875]]",0.5208969,0.5798325,0.44387487,0.5648078,0.5035747,0.15288307,0.08291443,0.13526268,0.12670343,603,663,1027,1707
3,7,1,0.547,0.528162075642561,0.7903846153846154,0.4724540901502504,0.5607305936073059,0.49272116461366183,0.411,0.283,0.614,0.88,0.5407894736842105,0.3539712320200125,0.5861575178997613,0.6317300789662599,"[[411, 135, 138, 316], [56, 283, 298, 363], [38, 121, 614, 227], [15, 60, 45, 880]]",0.5194972,0.549076,0.4469221,0.56685174,0.5061928,0.13999607,0.07957668,0.13551174,0.12803663,520,599,1095,1786
3,9,1,0.52875,0.5046695208187789,0.8017817371937639,0.44346289752650175,0.531986531986532,0.4852531997774068,0.36,0.251,0.632,0.872,0.4968944099378882,0.3205619412515964,0.5776965265082267,0.6235252055774043,"[[360, 141, 165, 334], [50, 251, 334, 365], [27, 115, 632, 226], [12, 59, 57, 872]]",0.5169081,0.5234468,0.4399941,0.5653848,0.5074519,0.1269751,0.08069439,0.13700825,0.12845348,449,566,1188,1797
3,19,1,0.504,0.46859807611441395,0.8206521739130435,0.4288990825688073,0.47143840330351,0.48307515777395293,0.302,0.187,0.685,0.842,0.4415204678362573,0.2604456824512535,0.5584997961679576,0.6139263580021874,"[[302, 111, 247, 340], [38, 187, 424, 351], [19, 86, 685, 210], [9, 52, 97, 842]]",0.5104061,0.48753232,0.42893675,0.5645616,0.49046937,0.11161042,0.071845375,0.1384634,0.12519322,368,436,1453,1743
3,0,3,0.61975,0.6103388629974101,0.7245657568238213,0.5914454277286135,0.6361788617886179,0.566579634464752,0.584,0.401,0.626,0.868,0.646733111849391,0.47794994040524436,0.6310483870967742,0.6856240126382307,"[[584, 101, 105, 210], [99, 401, 223, 277], [79, 118, 626, 177], [44, 58, 30, 868]]",0.52474815,0.60454434,0.44963628,0.557348,0.4950692,0.17639942,0.08912748,0.1364346,0.12754065,806,678,984,1532
3,1,3,0.61525,0.6058459851435637,0.7254658385093168,0.5884101040118871,0.6358921161825726,0.5571245186136072,0.584,0.396,0.613,0.868,0.6470914127423822,0.4734010759115362,0.6242362525458248,0.6786551993745114,"[[584, 101, 101, 214], [97, 396, 220, 287], [78, 120, 613, 189], [46, 56, 30, 868]]",0.52445656,0.60368043,0.44927934,0.5564354,0.4962097,0.17556211,0.08859871,0.13632828,0.12828442,805,673,964,1558
3,3,3,0.59725,0.5866822223965479,0.7433004231311706,0.5510204081632653,0.6189024390243902,0.5397902529302899,0.527,0.378,0.609,0.875,0.6167349327091867,0.4483985765124555,0.6139112903225806,0.6676840900419687,"[[527, 120, 110, 243], [83, 378, 236, 303], [63, 128, 609, 200], [36, 60, 29, 875]]",0.5224337,0.5980903,0.44545957,0.5624385,0.4976336,0.16589358,0.08651346,0.13547145,0.12622072,709,686,984,1621
3,5,3,0.57075,0.5575976406945973,0.7684729064039408,0.5052631578947369,0.592375366568915,0.5126247798003524,0.468,0.336,0.606,0.873,0.581727781230578,0.4036036036036036,0.5991102323282254,0.6459489456159823,"[[468, 135, 118, 279], [70, 336, 261, 333], [46, 130, 606, 218], [25, 64, 38, 873]]",0.52085304,0.5779808,0.44437742,0.5647382,0.5039246,0.15370333,0.08255494,0.13495079,0.12654722,609,665,1023,1703
3,7,3,0.549,0.5305062681165754,0.7904761904761904,0.47587354409317806,0.5621572212065814,0.4943820224719101,0.415,0.286,0.615,0.88,0.5442622950819672,0.35727670206121176,0.5873925501432665,0.6330935251798561,"[[415, 134, 138, 313], [57, 286, 296, 361], [38, 121, 615, 226], [15, 60, 45, 880]]",0.51937914,0.5477078,0.44696593,0.56630033,0.5066354,0.14067826,0.08018593,0.13567203,0.1276636,525,601,1094,1780
3,9,3,0.52875,0.504755909297794,0.8022222222222222,0.44346289752650175,0.5311447811447811,0.48552338530066813,0.361,0.251,0.631,0.872,0.4979310344827586,0.3205619412515964,0.576782449725777,0.6237482117310443,"[[361, 140, 165, 334], [50, 251, 335, 364], [27, 116, 631, 226], [12, 59, 57, 872]]",0.5169347,0.52330863,0.44103163,0.56500316,0.5074622,0.12712075,0.08090154,0.13707636,0.12835282,450,566,1188,1796
3,19,3,0.50475,0.4698223498045253,0.8216216216216217,0.42954545454545456,0.47368421052631576,0.4822451317296678,0.304,0.189,0.684,0.842,0.44379562043795623,0.2625,0.5597381342062193,0.6132556445739257,"[[304, 110, 244, 342], [38, 189, 420, 353], [19, 88, 684, 209], [9, 53, 96, 842]]",0.5102689,0.4876351,0.42884958,0.5652296,0.49012914,0.11157645,0.072017044,0.13793147,0.12542921,370,440,1444,1746
3,0,5,0.6205,0.611274942622376,0.7276119402985075,0.5915080527086384,0.636734693877551,0.5668623613829094,0.585,0.404,0.624,0.869,0.6485587583148559,0.4800950683303625,0.6303030303030303,0.6861429135412555,"[[585, 103, 103, 209], [99, 404, 223, 274], [77, 118, 624, 181], [43, 58, 30, 869]]",0.52453,0.60548097,0.4495225,0.5573719,0.4944975,0.1754005,0.08847882,0.13661504,0.12765166,804,683,980,1533
3,1,5,0.61475,0.60534889877979,0.7267080745341615,0.584319526627219,0.6341968911917099,0.5579150579150579,0.585,0.395,0.612,0.867,0.6481994459833795,0.4713603818615752,0.6229007633587786,0.6789350039154268,"[[585, 101, 102, 212], [98, 395, 221, 286], [76, 123, 612, 189], [46, 57, 30, 867]]",0.524316,0.60397416,0.4485748,0.5557003,0.49651077,0.17527603,0.08914375,0.13651419,0.12814367,805,676,965,1554
3,3,5,0.597,0.5863400614773588,0.7415254237288136,0.5526315789473685,0.6180344478216818,0.5397902529302899,0.525,0.378,0.61,0.875,0.6147540983606558,0.4489311163895487,0.6139909411172622,0.6676840900419687,"[[525, 120, 112, 243], [84, 378, 236, 302], [63, 126, 610, 201], [36, 60, 29, 875]]",0.5223067,0.5986892,0.4455893,0.56124663,0.49760723,0.16597483,0.08669369,0.13539346,0.12610376,708,684,987,1621
3,5,5,0.56825,0.5550220874990149,0.7659574468085106,0.4992503748125937,0.5888125613346418,0.5120375807398708,0.468,0.333,0.6,0.872,0.5810055865921788,0.39952009598080385,0.5943536404160475,0.6452090270070292,"[[468, 136, 118, 278], [69, 333, 264, 334], [49, 132, 600, 219], [25, 66, 37, 872]]",0.52071315,0.5777978,0.44413444,0.56546557,0.5034475,0.15400143,0.08268901,0.13425203,0.12633392,611,667,1019,1703
3,7,5,0.54875,0.5303578000649898,0.7908745247148289,0.472636815920398,0.5625570776255707,0.49436936936936937,0.416,0.285,0.616,0.878,0.54521625163827,0.35558328134747347,0.5880668257756563,0.6325648414985591,"[[416, 137, 137, 310], [57, 285, 297, 361], [38, 119, 616, 227], [15, 62, 45, 878]]",0.5193146,0.5478887,0.44630545,0.5661004,0.5067944,0.14067,0.08102658,0.135632,0.12763552,526,603,1095,1776
3,9,5,0.527,0.5028126614226884,0.8,0.43738977072310403,0.5290159798149706,0.4855072463768116,0.36,0.248,0.629,0.871,0.496551724137931,0.31652839821314616,0.5746916400182732,0.623478883321403,"[[360, 140, 165, 335], [50, 248, 338, 364], [28, 119, 629, 224], [12, 60, 57, 871]]",0.5168746,0.5232445,0.44067803,0.5647097,0.50765574,0.12750387,0.08100534,0.13686313,0.12810159,450,567,1189,1794
3,19,5,0.504,0.46905551417362573,0.8216216216216217,0.428246013667426,0.47229916897506924,0.48196908986834575,0.304,0.188,0.682,0.842,0.44379562043795623,0.26129256428075054,0.55810147299509,0.6130323989807063,"[[304, 111, 244, 341], [38, 188, 421, 353], [19, 88, 682, 211], [9, 52, 97, 842]]",0.5101361,0.48789462,0.42940325,0.5648254,0.48992994,0.11195427,0.071863204,0.13803276,0.1251184,370,439,1444,1747
3,0,10,0.617,0.6077968664911443,0.7237977805178791,0.5836972343522562,0.6327160493827161,0.565359477124183,0.587,0.401,0.615,0.865,0.6482606294864716,0.4754001185536455,0.6237322515212982,0.6837944664031621,"[[587, 102, 103, 208], [101, 401, 224, 274], [78, 124, 615, 183], [45, 60, 30, 865]]",0.52408314,0.60406893,0.44925264,0.557398,0.49412107,0.17654099,0.08764663,0.13580748,0.12756056,811,687,972,1530
3,1,10,0.61375,0.6040972057592295,0.7190184049079754,0.5802650957290133,0.6313603322949117,0.5618924173687622,0.586,0.394,0.608,0.867,0.6457300275482094,0.46932698034544373,0.6194600101884871,0.6818718049547778,"[[586, 101, 103, 210], [105, 394, 221, 280], [78, 128, 608, 186], [46, 56, 31, 867]]",0.52383983,0.6018492,0.4481505,0.555045,0.49646786,0.17610045,0.08863738,0.13627674,0.12799677,815,679,963,1543
3,3,10,0.59775,0.5875359063239012,0.7405329593267882,0.5565217391304348,0.617737003058104,0.5402227722772277,0.528,0.384,0.606,0.873,0.6164623467600701,0.4544378698224852,0.6118122160524987,0.6674311926605505,"[[528, 117, 112, 243], [84, 384, 233, 299], [66, 127, 606, 201], [35, 62, 30, 873]]",0.5225831,0.5995803,0.44546497,0.56146866,0.49793324,0.1658043,0.08593694,0.13495146,0.1263876,713,690,981,1616
3,5,10,0.5695,0.5565979682887829,0.7613636363636364,0.5052316890881914,0.5915354330708661,0.5120659211300765,0.469,0.338,0.601,0.87,0.5804455445544554,0.4050329538645896,0.5962301587301587,0.6446832160059282,"[[469, 133, 118, 280], [71, 338, 260, 331], [49, 132, 601, 218], [27, 66, 37, 870]]",0.52061933,0.5768986,0.44411185,0.56498647,0.5038086,0.15445437,0.08302459,0.13445121,0.12638205,616,669,1016,1699
3,7,10,0.55225,0.5340325452936557,0.7879924953095685,0.47761194029850745,0.5684306569343066,0.49660633484162897,0.42,0.288,0.623,0.878,0.547945205479452,0.3593262632563943,0.5944656488549618,0.634393063583815,"[[420, 140, 136, 304], [57, 288, 294, 361], [40, 112, 623, 225], [16, 63, 43, 878]]",0.519177,0.54728657,0.4459744,0.56506145,0.5072252,0.14047141,0.08112226,0.1349024,0.12782143,533,603,1096,1768
3,9,10,0.5295,0.5051350082875112,0.8,0.4416961130742049,0.5336700336700336,0.4866369710467706,0.36,0.25,0.634,0.874,0.496551724137931,0.31928480204342274,0.5795246800731262,0.6251788268955651,"[[360, 139, 164, 337], [51, 250, 336, 363], [29, 115, 634, 222], [10, 62, 54, 874]]",0.5165991,0.52515256,0.44084767,0.56372684,0.5071551,0.12686087,0.08129602,0.13634878,0.12808953,450,566,1188,1796
3,19,10,0.505,0.470400192537908,0.8233695652173914,0.42953020134228187,0.4745998608211552,0.48226544622425627,0.303,0.192,0.682,0.843,0.44298245614035087,0.2653766413268832,0.5597045547804678,0.6135371179039302,"[[303, 115, 242, 340], [37, 192, 416, 355], [19, 89, 682, 210], [9, 51, 97, 843]]",0.50967187,0.4901315,0.42821905,0.56469953,0.4893776,0.11066841,0.07242822,0.13752346,0.124911964,368,447,1437,1748
3,0,20,0.611,0.6009204486863633,0.7002369668246445,0.5798192771084337,0.634375,0.5607049608355091,0.591,0.385,0.609,0.859,0.6409978308026031,0.46274038461538464,0.6214285714285714,0.6785150078988942,"[[591, 101, 99, 209], [114, 385, 221, 280], [89, 118, 609, 184], [50, 60, 31, 859]]",0.5225666,0.6048371,0.4444961,0.5538424,0.49148154,0.17663352,0.08614488,0.1337993,0.12705801,844,664,960,1532
3,1,20,0.60775,0.5972882492610544,0.6970414201183432,0.5725075528700906,0.6399572649572649,0.5549132947976878,0.589,0.379,0.599,0.864,0.6384823848238482,0.45607701564380265,0.618801652892562,0.6757919436840047,"[[589, 103, 95, 213], [117, 379, 212, 292], [89, 124, 599, 188], [50, 56, 30, 864]]",0.5226737,0.60365534,0.44281033,0.55460614,0.49348363,0.17626317,0.08617447,0.13264458,0.12756616,845,662,936,1557
3,3,20,0.5915,0.5803683407653099,0.7194630872483222,0.5438335809806835,0.6153050672182007,0.5380804953560372,0.536,0.366,0.595,0.869,0.6143266475644699,0.4375373580394501,0.604982206405694,0.6646271510516253,"[[536, 113, 108, 243], [99, 366, 233, 302], [71, 133, 595, 201], [39, 61, 31, 869]]",0.5210328,0.59682566,0.44061443,0.55964553,0.49646154,0.16880384,0.084957175,0.13268273,0.12615648,745,673,967,1615
3,5,20,0.5705,0.5569934721293964,0.7449768160741885,0.5100463678516228,0.5907297830374754,0.514775413711584,0.482,0.33,0.599,0.871,0.5853066180935034,0.4007285974499089,0.5948361469712016,0.6471025260029718,"[[482, 126, 114, 278], [80, 330, 264, 326], [56, 128, 599, 217], [29, 63, 37, 871]]",0.5194656,0.5744937,0.44217333,0.5616801,0.50268036,0.15616962,0.0823167,0.13240027,0.12618938,647,647,1014,1692
3,7,20,0.55325,0.5353694365899523,0.7811934900542495,0.4831081081081081,0.5651777575205105,0.49772468714448237,0.432,0.286,0.62,0.875,0.5563425627817128,0.3592964824120603,0.5913209346685742,0.6345177664974619,"[[432, 131, 136, 301], [61, 286, 297, 356], [41, 113, 620, 226], [19, 62, 44, 875]]",0.5180959,0.5480628,0.4429479,0.5614446,0.50692546,0.14133349,0.08006694,0.13337487,0.1274541,553,592,1097,1758
3,9,20,0.53325,0.5097544986406715,0.798728813559322,0.45126353790613716,0.5324894514767933,0.4891000558971492,0.377,0.25,0.631,0.875,0.5122282608695652,0.32175032175032175,0.5775743707093821,0.627465041233417,"[[377, 133, 161, 329], [52, 250, 337, 361], [31, 114, 631, 224], [12, 57, 56, 875]]",0.5155878,0.5250872,0.43927976,0.56022465,0.5071452,0.12842594,0.0791517,0.13490465,0.1282165,472,554,1185,1789
3,19,20,0.50975,0.47632523004780136,0.8203125,0.43171806167400884,0.4781997187060478,0.48735632183908045,0.315,0.196,0.68,0.848,0.4552023121387283,0.2696011004126547,0.5615194054500413,0.618978102189781,"[[315, 117, 238, 330], [39, 196, 412, 353], [21, 90, 680, 209], [9, 51, 92, 848]]",0.5080989,0.48832276,0.42583376,0.5623878,0.48956075,0.112495854,0.071737245,0.1361905,0.124316536,384,454,1422,1740
3,0,30,0.59325,0.5796717707525851,0.6320564516129032,0.5699658703071673,0.6344444444444445,0.5525624178712221,0.627,0.334,0.571,0.841,0.6295180722891566,0.42118537200504413,0.6010526315789474,0.6669310071371927,"[[627, 84, 87, 202], [162, 334, 213, 291], [121, 120, 571, 188], [82, 48, 29, 841]]",0.5197566,0.5967866,0.43204328,0.546995,0.4872149,0.1792546,0.080514684,0.13083893,0.12554228,992,586,900,1522
3,1,30,0.59325,0.5788396327543454,0.6287425149700598,0.5800711743772242,0.6387024608501118,0.5486381322957199,0.63,0.326,0.571,0.846,0.6293706293706294,0.4174135723431498,0.6029567053854277,0.6656176239181747,"[[630, 81, 84, 205], [166, 326, 213, 295], [121, 112, 571, 196], [85, 43, 26, 846]]",0.51987696,0.5923191,0.43391606,0.54581505,0.48909497,0.1801002,0.080671564,0.13013203,0.12599611,1002,562,894,1542
3,3,30,0.5825,0.5687297726115842,0.6635182998819362,0.5456053067993366,0.6197636949516648,0.5324274243360099,0.562,0.329,0.577,0.862,0.6085544125609096,0.4104803493449782,0.5976178146038322,0.6582665139366171,"[[562, 105, 94, 239], [129, 329, 228, 314], [99, 120, 577, 204], [57, 49, 32, 862]]",0.5177286,0.59501666,0.43065435,0.55027467,0.49101,0.17108037,0.07957092,0.13150603,0.12533794,847,603,931,1619
3,5,30,0.56525,0.549534062743076,0.6891334250343879,0.5067114093959731,0.6022494887525562,0.5114773396115362,0.501,0.302,0.589,0.869,0.5801968731905037,0.37844611528822053,0.5955510616784631,0.6439422008151167,"[[501, 119, 103, 277], [107, 302, 252, 339], [80, 117, 589, 214], [39, 58, 34, 869]]",0.51603925,0.5776265,0.4286732,0.554604,0.49813452,0.15625307,0.077600606,0.12864849,0.126271,727,596,978,1699
3,7,30,0.55025,0.5307284646602372,0.7339743589743589,0.48256880733944957,0.5688679245283019,0.49520045172219085,0.458,0.263,0.603,0.877,0.5640394088669951,0.34045307443365697,0.5854368932038835,0.6329844821364129,"[[458, 112, 125, 305], [81, 263, 292, 364], [60, 112, 603, 225], [25, 58, 40, 877]]",0.51366913,0.5521388,0.430725,0.55357933,0.501752,0.1427741,0.07612971,0.13003537,0.12690608,624,545,1060,1771
3,9,30,0.54125,0.518776449170578,0.7602862254025045,0.4727626459143969,0.5448154657293497,0.490217998882057,0.425,0.243,0.62,0.877,0.5452212957023733,0.32100396301188905,0.5799812909260992,0.6288992470419505,"[[425, 112, 144, 319], [67, 243, 323, 367], [48, 106, 620, 226], [19, 53, 51, 877]]",0.5107518,0.52358335,0.43007353,0.5534324,0.50277257,0.1324883,0.07592127,0.13102025,0.12848184,559,514,1138,1789
3,19,30,0.51775,0.4869291517953212,0.8,0.43249427917620137,0.48401162790697677,0.49191685912240185,0.364,0.189,0.666,0.852,0.5003436426116838,0.2630480167014614,0.5606060606060606,0.623718887262079,"[[364, 108, 219, 309], [47, 189, 402, 362], [33, 92, 666, 209], [11, 48, 89, 852]]",0.5020942,0.48781163,0.41546574,0.55208063,0.48799148,0.115105964,0.06680554,0.13290317,0.12443542,455,437,1376,1732
